9ae6bde7-8497-459b-ac4c-6cc436645522,1
3baa7d4c-1dae-475e-974c-f0d0947c20c1,2
testUser3,3
testUser4,4
testUser5,5
testUser6,6
testUser7,7
testUser8,8
testUser9,9
testUser10,10
testUser11,11
testUser12,12
testUser13,13
testUser14,14
testUser15,15
testUser16,16
testUser17,17
testUser18,18
testUser19,19
testUser20,20
testUser21,21
testUser22,22
testUser23,23
testUser24,24
testUser25,25
testUser26,26
testUser27,27
testUser28,28
testUser29,29
testUser30,30
testUser31,31
testUser32,32
testUser33,33
testUser34,34
testUser35,35
testUser36,36
testUser37,37
testUser38,38
testUser39,39
testUser40,40
testUser41,41
testUser42,42
testUser43,43
testUser44,44